"URL"	"Status"	"Previous traffic"	"Current traffic"	"Traffic change"	"Previous traffic cost"	"Current traffic cost"	"Traffic cost change"	"Previous # of keywords"	"Current # of keywords"	"Keywords change"	"Previous # of ads"	"Current # of ads"	"Ads change"	"Previous top keyword"	"Current top keyword"	"Previous top keyword: Country"	"Current top keyword: Country"	"Previous top keyword: Volume"	"Current top keyword: Volume"
"https://consumerlifetips.com/top-snap-on-veneers/"	""	"5056"	"20672"	"15616"	"9012.19"	"35012.79"	"26000.60"	"125"	"302"	"177"	"150"	"321"	"171"	"veneers cost"	"snap on veneers"	"United States"	"United States"	"34000"	"12000"
"https://consumerlifetips.com/top-snap-on-veneers/?utm_source=google&utm_medium=cpc&utm_id=22978901242&utm_content=185016943379&utm_term=snap-on%20veneers&creativeId=772156896954&adgroupid=185016943379&targetid=kwd-338300133803&gclid=EAIaIQobChMIn6zMq5qakQMVfjcIBR148DrkEAAYAiAFEgIpdfD_BwE&gad_source=1&gad_campaignid=22978901242&gbraid=0AAAAAp_5rVtjMQBfDGF9rUqsRtksV14Fy&gclid=EAIaIQobChMIn6zMq5qakQMVfjcIBR148DrkEAAYAiAFEgIpdfD_BwE"	"New"	""	"18"	"18"	""	"30.98"	"30.98"	""	"1"	"1"	""	"1"	"1"	""	"snap on veneers"	""	"United States"	""	"12000"
"https://consumerlifetips.com/top-snap-on-veneers/?utm_source=google&utm_medium=cpc&utm_id=22978901242&utm_content=185016943379&utm_term=snap-on%20veneers&creativeId=772156896954&adgroupid=185016943379&targetid=kwd-338300133803&gclid=EAIaIQobChMIn6zMq5qakQMVfjcIBR148DrkEAAYAiAEEgL_4PD_BwE&gad_source=1&gad_campaignid=22978901242&gbraid=0AAAAAp_5rVtjMQBfDGF9rUqsRtksV14Fy&gclid=EAIaIQobChMIn6zMq5qakQMVfjcIBR148DrkEAAYAiAEEgL_4PD_BwE"	"New"	""	"18"	"18"	""	"30.98"	"30.98"	""	"1"	"1"	""	"1"	"1"	""	"snap on veneers"	""	"United States"	""	"12000"
"https://consumerlifetips.com/top-snap-on-veneers/?utm_source=google&utm_medium=cpc&utm_id=22978901242&utm_content=182629825177&utm_term=best%20snap%20in%20veneers&creativeId=772157188296&adgroupid=182629825177&targetid=kwd-645166315425&gclid=EAIaIQobChMI65LorLyokQMVmSjUAR3D2gStEAAYAiAEEgJKRvD_BwE&gad_source=1&gad_campaignid=22978901242&gbraid=0AAAAAp_5rVsi7SD8T6oTJFXck4fLwwKFX&gclid=EAIaIQobChMI65LorLyokQMVmSjUAR3D2gStEAAYAiAEEgJKRvD_BwE"	"New"	""	"17"	"17"	""	"22.38"	"22.38"	""	"1"	"1"	""	"1"	"1"	""	"fake teeth"	""	"United States"	""	"10000"
"https://consumerlifetips.com/top-snap-on-veneers/?utm_source=google&utm_medium=cpc&utm_id=22978901242&utm_content=182629825177&utm_term=best%20snap%20in%20veneers&creativeId=772157188296&adgroupid=182629825177&targetid=kwd-645166315425&gclid=EAIaIQobChMI65LorLyokQMVmSjUAR3D2gStEAAYAiAFEgI_-fD_BwE&gad_source=1&gad_campaignid=22978901242&gbraid=0AAAAAp_5rVsi7SD8T6oTJFXck4fLwwKFX&gclid=EAIaIQobChMI65LorLyokQMVmSjUAR3D2gStEAAYAiAFEgI_-fD_BwE"	"New"	""	"17"	"17"	""	"22.38"	"22.38"	""	"1"	"1"	""	"1"	"1"	""	"fake teeth"	""	"United States"	""	"10000"
"https://consumerlifetips.com/top-snap-on-veneers/?utm_source=google&utm_medium=cpc&utm_id=22978901242&utm_content=182629825177&utm_term=best%20snap%20in%20veneers&creativeId=772157188296&adgroupid=182629825177&targetid=kwd-645166315425&gclid=EAIaIQobChMIt_PY6r7PkQMVTz1ECB1ekg-pEAAYAiAFEgJRRPD_BwE&gad_source=1&gad_campaignid=22978901242&gbraid=0AAAAAp_5rVtgJZY5zye9vlEnG7yMjeqaV&gclid=EAIaIQobChMIt_PY6r7PkQMVTz1ECB1ekg-pEAAYAiAFEgJRRPD_BwE"	"New"	""	"5"	"5"	""	"6.34"	"6.34"	""	"1"	"1"	""	"1"	"1"	""	"dental veneers cost"	""	"United States"	""	"2900"
"https://consumerlifetips.com/top-snap-on-veneers/?utm_source=google&utm_medium=cpc&utm_id=22978901242&utm_content=182629825177&utm_term=best%20snap%20on%20veneers&creativeId=772157188296&adgroupid=182629825177&targetid=kwd-299105642569&gclid=EAIaIQobChMIz-jQmuSkkQMV4TcIBR2_MiETEAAYAiAEEgIGYfD_BwE&gad_source=1&gad_campaignid=22978901242&gbraid=0AAAAAp_5rVtSP2WjeeACI_GFdRa9hvwXy&gclid=EAIaIQobChMIz-jQmuSkkQMV4TcIBR2_MiETEAAYAiAEEgIGYfD_BwE"	"New"	""	"5"	"5"	""	"10.24"	"10.24"	""	"1"	"1"	""	"1"	"1"	""	"snap on dentures"	""	"United States"	""	"3100"
"https://consumerlifetips.com/top-snap-on-veneers/?utm_source=google&utm_medium=cpc&utm_id=22978901242&utm_content=182629825177&utm_term=best%20snap%20in%20veneers&creativeId=772157188296&adgroupid=182629825177&targetid=kwd-645166315425&gclid=EAIaIQobChMIt_PY6r7PkQMVTz1ECB1ekg-pEAAYAiAEEgKv-fD_BwE&gad_source=1&gad_campaignid=22978901242&gbraid=0AAAAAp_5rVtgJZY5zye9vlEnG7yMjeqaV&gclid=EAIaIQobChMIt_PY6r7PkQMVTz1ECB1ekg-pEAAYAiAEEgKv-fD_BwE"	"New"	""	"5"	"5"	""	"6.34"	"6.34"	""	"1"	"1"	""	"1"	"1"	""	"dental veneers cost"	""	"United States"	""	"2900"
"https://consumerlifetips.com/top-snap-on-veneers/?utm_source=google&utm_medium=cpc&utm_id=22978901242&utm_content=182629825177&utm_term=best%20snap%20on%20veneers&creativeId=772157188296&adgroupid=182629825177&targetid=kwd-299105642569&gclid=EAIaIQobChMI3YWjrKe_kQMVezMIBR3d9BvPEAAYAiAFEgJaCfD_BwE&gad_source=1&gad_campaignid=22978901242&gbraid=0AAAAAp_5rVsLuSvBs5ihgpNtMavNk4Wd7&gclid=EAIaIQobChMI3YWjrKe_kQMVezMIBR3d9BvPEAAYAiAFEgJaCfD_BwE"	"New"	""	"5"	"5"	""	"10.24"	"10.24"	""	"1"	"1"	""	"1"	"1"	""	"snap on dentures"	""	"United States"	""	"3100"
"https://consumerlifetips.com/top-snap-on-veneers/?utm_source=google&utm_medium=cpc&utm_id=22978901242&utm_content=182629825177&utm_term=best%20snap%20on%20veneers&creativeId=772157188296&adgroupid=182629825177&targetid=kwd-299105642569&gclid=EAIaIQobChMI3YWjrKe_kQMVezMIBR3d9BvPEAAYAiAEEgJs6vD_BwE&gad_source=1&gad_campaignid=22978901242&gbraid=0AAAAAp_5rVsLuSvBs5ihgpNtMavNk4Wd7&gclid=EAIaIQobChMI3YWjrKe_kQMVezMIBR3d9BvPEAAYAiAEEgJs6vD_BwE"	"New"	""	"5"	"5"	""	"10.24"	"10.24"	""	"1"	"1"	""	"1"	"1"	""	"snap on dentures"	""	"United States"	""	"3100"
"https://consumerlifetips.com/top-snap-on-veneers/?utm_source=google&utm_medium=cpc&utm_id=22978901242&utm_content=182629825177&utm_term=best%20snap%20on%20veneers&creativeId=772157188296&adgroupid=182629825177&targetid=kwd-299105642569&gclid=EAIaIQobChMIz-jQmuSkkQMV4TcIBR2_MiETEAAYAiAFEgKq_PD_BwE&gad_source=1&gad_campaignid=22978901242&gbraid=0AAAAAp_5rVtSP2WjeeACI_GFdRa9hvwXy&gclid=EAIaIQobChMIz-jQmuSkkQMV4TcIBR2_MiETEAAYAiAFEgKq_PD_BwE"	"New"	""	"5"	"5"	""	"10.24"	"10.24"	""	"1"	"1"	""	"1"	"1"	""	"snap on dentures"	""	"United States"	""	"3100"
"https://consumerlifetips.com/top-snap-on-veneers/?utm_source=google&utm_medium=cpc&utm_id=22978901242&utm_content=185016943379&utm_term=snap-on%20veneers&creativeId=772156896954&adgroupid=185016943379&targetid=kwd-338300133803&gclid=EAIaIQobChMIqe3d7bvAkQMVO1R_AB2ApTn-EAAYAiAEEgJpBPD_BwE&gad_source=1&gad_campaignid=22978901242&gbraid=0AAAAAp_5rVsLuSvBs5ihgpNtMavNk4Wd7&gclid=EAIaIQobChMIqe3d7bvAkQMVO1R_AB2ApTn-EAAYAiAEEgJpBPD_BwE"	"New"	""	"3"	"3"	""	"2.53"	"2.53"	""	"1"	"1"	""	"1"	"1"	""	"fake teeth covers"	""	"United States"	""	"700"
"https://consumerlifetips.com/top-snap-on-veneers/?utm_source=google&utm_medium=cpc&utm_id=22978901242&utm_content=182629825177&utm_term=best%20snap%20in%20veneers&creativeId=772157188296&adgroupid=182629825177&targetid=kwd-645166315425&gclid=EAIaIQobChMIs8CJuf7KkQMV56paBR2R_jteEAAYAiAFEgK4EPD_BwE&gad_source=1&gad_campaignid=22978901242&gbraid=0AAAAAp_5rVuuutrzIc2LsDM0B86FUkIuJ&gclid=EAIaIQobChMIs8CJuf7KkQMV56paBR2R_jteEAAYAiAFEgK4EPD_BwE"	"New"	""	"3"	"3"	""	"6.30"	"6.30"	""	"1"	"1"	""	"1"	"1"	""	"snap on dentures"	""	"United States"	""	"3100"
"https://consumerlifetips.com/top-snap-on-veneers/?utm_source=google&utm_medium=cpc&utm_id=22978901242&utm_content=182629825177&utm_term=best%20snap%20in%20veneers&creativeId=772157188296&adgroupid=182629825177&targetid=kwd-645166315425&gclid=EAIaIQobChMIs8CJuf7KkQMV56paBR2R_jteEAAYAiAEEgIqQfD_BwE&gad_source=1&gad_campaignid=22978901242&gbraid=0AAAAAp_5rVuuutrzIc2LsDM0B86FUkIuJ&gclid=EAIaIQobChMIs8CJuf7KkQMV56paBR2R_jteEAAYAiAEEgIqQfD_BwE"	"New"	""	"3"	"3"	""	"6.30"	"6.30"	""	"1"	"1"	""	"1"	"1"	""	"snap on dentures"	""	"United States"	""	"3100"
"https://consumerlifetips.com/top-snap-on-veneers/?utm_source=google&utm_medium=cpc&utm_id=22978901242&utm_content=185016943379&utm_term=snap-on%20veneers&creativeId=772156896954&adgroupid=185016943379&targetid=kwd-338300133803&gclid=EAIaIQobChMIqe3d7bvAkQMVO1R_AB2ApTn-EAAYAiAFEgIXPPD_BwE&gad_source=1&gad_campaignid=22978901242&gbraid=0AAAAAp_5rVsLuSvBs5ihgpNtMavNk4Wd7&gclid=EAIaIQobChMIqe3d7bvAkQMVO1R_AB2ApTn-EAAYAiAFEgIXPPD_BwE"	"New"	""	"3"	"3"	""	"2.53"	"2.53"	""	"1"	"1"	""	"1"	"1"	""	"fake teeth covers"	""	"United States"	""	"700"
"https://consumerlifetips.com/top-snap-on-veneers/?utm_source=google&utm_medium=cpc&utm_id=22978901242&utm_content=182629825177&utm_term=best%20snap%20in%20veneers&creativeId=772157188296&adgroupid=182629825177&targetid=kwd-645166315425&gclid=EAIaIQobChMIir_qqv2_kQMVURxECB0iDRy0EAAYAiAFEgJDCPD_BwE&gad_source=1&gad_campaignid=22978901242&gbraid=0AAAAAp_5rVsLuSvBs5ihgpNtMavNk4Wd7&gclid=EAIaIQobChMIir_qqv2_kQMVURxECB0iDRy0EAAYAiAFEgJDCPD_BwE"	"New"	""	"3"	"3"	""	"6.44"	"6.44"	""	"1"	"1"	""	"1"	"1"	""	"lumineers teeth"	""	"United States"	""	"3200"
"https://consumerlifetips.com/top-snap-on-veneers/?utm_source=google&utm_medium=cpc&utm_id=22978901242&utm_content=182629825177&utm_term=best%20snap%20in%20veneers&creativeId=772157188296&adgroupid=182629825177&targetid=kwd-645166315425&gclid=EAIaIQobChMIir_qqv2_kQMVURxECB0iDRy0EAAYAiAEEgKMu_D_BwE&gad_source=1&gad_campaignid=22978901242&gbraid=0AAAAAp_5rVsLuSvBs5ihgpNtMavNk4Wd7&gclid=EAIaIQobChMIir_qqv2_kQMVURxECB0iDRy0EAAYAiAEEgKMu_D_BwE"	"New"	""	"3"	"3"	""	"6.44"	"6.44"	""	"1"	"1"	""	"1"	"1"	""	"lumineers teeth"	""	"United States"	""	"3200"
"https://consumerlifetips.com/top-snap-on-veneers/?utm_source=google&utm_medium=cpc&utm_id=22978901242&utm_content=182629825177&utm_term=snap%20on%20smile&creativeId=772157188296&adgroupid=182629825177&targetid=kwd-950403088&gclid=EAIaIQobChMInuSPvoSbkQMVorlaBR2PVQN7EAAYASAEEgLG1_D_BwE&gad_source=1&gad_campaignid=22978901242&gbraid=0AAAAAp_5rVtjMQBfDGF9rUqsRtksV14Fy&gclid=EAIaIQobChMInuSPvoSbkQMVorlaBR2PVQN7EAAYASAEEgLG1_D_BwE"	"New"	""	"2"	"2"	""	"4.01"	"4.01"	""	"1"	"1"	""	"1"	"1"	""	"snap on smile"	""	"United States"	""	"1500"
"https://consumerlifetips.com/top-snap-on-veneers/?utm_source=google&utm_medium=cpc&utm_id=22978901242&utm_content=182629825177&utm_term=best%20snap%20on%20veneers&creativeId=772157188296&adgroupid=182629825177&targetid=kwd-299105642569&gclid=EAIaIQobChMIovqqh6aAkQMVVkp_AB0UhST4EAAYAiAEEgIp8vD_BwE&gad_source=1&gad_campaignid=22978901242&gbraid=0AAAAAp_5rVsq41JLwav2hAGMPjVbxTDPd&gclid=EAIaIQobChMIovqqh6aAkQMVVkp_AB0UhST4EAAYAiAEEgIp8vD_BwE"	"New"	""	"2"	"2"	""	"6.05"	"6.05"	""	"1"	"1"	""	"1"	"1"	""	"best snap on veneers"	""	"United States"	""	"800"
"https://consumerlifetips.com/top-snap-on-veneers/?utm_source=google&utm_medium=cpc&utm_id=22978901242&utm_content=182629825177&utm_term=best%20snap%20on%20veneers&creativeId=772157188296&adgroupid=182629825177&targetid=kwd-299105642569&gclid=EAIaIQobChMIovqqh6aAkQMVVkp_AB0UhST4EAAYAiAFEgJIMfD_BwE&gad_source=1&gad_campaignid=22978901242&gbraid=0AAAAAp_5rVsq41JLwav2hAGMPjVbxTDPd&gclid=EAIaIQobChMIovqqh6aAkQMVVkp_AB0UhST4EAAYAiAFEgJIMfD_BwE"	"New"	""	"2"	"2"	""	"6.05"	"6.05"	""	"1"	"1"	""	"1"	"1"	""	"best snap on veneers"	""	"United States"	""	"800"
"https://consumerlifetips.com/top-snap-on-veneers/?utm_source=google&utm_medium=cpc&utm_id=22978901242&utm_content=182629825177&utm_term=snap%20on%20smile&creativeId=772157188296&adgroupid=182629825177&targetid=kwd-950403088&gclid=EAIaIQobChMInuSPvoSbkQMVorlaBR2PVQN7EAAYASAFEgJJsvD_BwE&gad_source=1&gad_campaignid=22978901242&gbraid=0AAAAAp_5rVtjMQBfDGF9rUqsRtksV14Fy&gclid=EAIaIQobChMInuSPvoSbkQMVorlaBR2PVQN7EAAYASAFEgJJsvD_BwE"	"New"	""	"2"	"2"	""	"4.01"	"4.01"	""	"1"	"1"	""	"1"	"1"	""	"snap on smile"	""	"United States"	""	"1500"
"https://consumerlifetips.com/top-snap-on-veneers/?utm_source=google&utm_medium=cpc&utm_id=22978901242&utm_content=182629825177&utm_term=best%20snap%20on%20veneers&creativeId=772157188296&adgroupid=182629825177&targetid=kwd-299105642569&gclid=EAIaIQobChMIyuD56M--kQMVMnJHAR0OuhT4EAAYASADEgKFd_D_BwE&gad_source=1&gad_campaignid=22978901242&gbraid=0AAAAAp_5rVsLuSvBs5ihgpNtMavNk4Wd7&gclid=EAIaIQobChMIyuD56M--kQMVMnJHAR0OuhT4EAAYASADEgKFd_D_BwE"	"New"	""	"1"	"1"	""	"1.38"	"1.38"	""	"1"	"1"	""	"1"	"1"	""	"cost of teeth veneers"	""	"United States"	""	"600"
"https://consumerlifetips.com/top-snap-on-veneers/?utm_source=google&utm_medium=cpc&utm_id=22978901242&utm_content=182629825177&utm_term=best%20snap%20in%20veneers&creativeId=772157188296&adgroupid=182629825177&targetid=kwd-645166315425&gclid=EAIaIQobChMI05Oy8KW8kQMVpzMIBR0meBlPEAAYAiAFEgLVqfD_BwE&gad_source=1&gad_campaignid=22978901242&gbraid=0AAAAAp_5rVv5bIUWSJhGuc_zFWLIcUjWi&gclid=EAIaIQobChMI05Oy8KW8kQMVpzMIBR0meBlPEAAYAiAFEgLVqfD_BwE"	"New"	""	"1"	"1"	""	"2.09"	"2.09"	""	"1"	"1"	""	"1"	"1"	""	"fake teeth options"	""	"United States"	""	"700"
"https://consumerlifetips.com/top-snap-on-veneers/?utm_source=google&utm_medium=cpc&utm_id=22978901242&utm_content=182629825177&utm_term=best%20snap%20on%20veneers&creativeId=772157188296&adgroupid=182629825177&targetid=kwd-299105642569&gclid=EAIaIQobChMI6oP08NvIkQMVpU1HAR2ucRG9EAAYASAFEgJSD_D_BwE&gad_source=1&gad_campaignid=22978901242&gbraid=0AAAAAp_5rVtetTN3Btg9bWOtEI2yRw_O_&gclid=EAIaIQobChMI6oP08NvIkQMVpU1HAR2ucRG9EAAYASAFEgJSD_D_BwE"	"New"	""	"1"	"1"	""	"0.83"	"0.83"	""	"1"	"1"	""	"1"	"1"	""	"price of veneers"	""	"United States"	""	"450"
"https://consumerlifetips.com/top-snap-on-veneers/?utm_source=google&utm_medium=cpc&utm_id=22978901242&utm_content=185016943379&utm_term=snap-on%20veneers&creativeId=772156896954&adgroupid=185016943379&targetid=kwd-338300133803&gclid=EAIaIQobChMI9---yJK9kQMVXjcIBR0iPQLLEAAYAiAFEgKGnPD_BwE&gad_source=1&gad_campaignid=22978901242&gbraid=0AAAAAp_5rVv5bIUWSJhGuc_zFWLIcUjWi&gclid=EAIaIQobChMI9---yJK9kQMVXjcIBR0iPQLLEAAYAiAFEgKGnPD_BwE"	"New"	""	"1"	"1"	""	"2.00"	"2.00"	""	"1"	"1"	""	"1"	"1"	""	"removable veneers"	""	"United States"	""	"1000"
"https://consumerlifetips.com/top-snap-on-veneers/?utm_source=google&utm_medium=cpc&utm_id=22978901242&utm_content=185016943379&utm_term=snap-on%20veneers&creativeId=772156896954&adgroupid=185016943379&targetid=kwd-338300133803&gclid=EAIaIQobChMI9---yJK9kQMVXjcIBR0iPQLLEAAYAiAEEgKUwvD_BwE&gad_source=1&gad_campaignid=22978901242&gbraid=0AAAAAp_5rVv5bIUWSJhGuc_zFWLIcUjWi&gclid=EAIaIQobChMI9---yJK9kQMVXjcIBR0iPQLLEAAYAiAEEgKUwvD_BwE"	"New"	""	"1"	"1"	""	"2.00"	"2.00"	""	"1"	"1"	""	"1"	"1"	""	"removable veneers"	""	"United States"	""	"1000"
"https://consumerlifetips.com/top-snap-on-veneers/?utm_source=google&utm_medium=cpc&utm_id=22978901242&utm_content=182629825177&utm_term=best%20snap%20in%20veneers&creativeId=772157188296&adgroupid=182629825177&targetid=kwd-645166315425&gclid=EAIaIQobChMIsOrbmb7EkQMVGyzUAR3Zgw6OEAAYASAFEgLE__D_BwE&gad_source=1&gad_campaignid=22978901242&gbraid=0AAAAAp_5rVvalPf6quQgzLXVv3M3fnLHQ&gclid=EAIaIQobChMIsOrbmb7EkQMVGyzUAR3Zgw6OEAAYASAFEgLE__D_BwE"	"New"	""	"1"	"1"	""	"2.13"	"2.13"	""	"1"	"1"	""	"1"	"1"	""	"cheap options for missing teeth"	""	"United States"	""	"1600"
"https://consumerlifetips.com/top-snap-on-veneers/?utm_source=google&utm_medium=cpc&utm_id=22978901242&utm_content=182629825177&utm_term=best%20snap%20in%20veneers&creativeId=772157188296&adgroupid=182629825177&targetid=kwd-645166315425&gclid=EAIaIQobChMIwIOZsayCkQMV1kFIAB194jCjEAAYAiADEgJunPD_BwE&gad_source=1&gad_campaignid=22978901242&gbraid=0AAAAAp_5rVu-U9nEUrO1y7n-CO5FYOchK&gclid=EAIaIQobChMIwIOZsayCkQMV1kFIAB194jCjEAAYAiADEgJunPD_BwE"	"New"	""	"1"	"1"	""	"1.10"	"1.10"	""	"1"	"1"	""	"1"	"1"	""	"dentures that you can wear all the time"	""	"United States"	""	"1000"
"https://consumerlifetips.com/top-snap-on-veneers/?utm_source=google&utm_medium=cpc&utm_id=22978901242&utm_content=182629825177&utm_term=best%20snap%20in%20veneers&creativeId=772157188296&adgroupid=182629825177&targetid=kwd-645166315425&gclid=EAIaIQobChMIwIOZsayCkQMV1kFIAB194jCjEAAYAiAEEgJTQvD_BwE&gad_source=1&gad_campaignid=22978901242&gbraid=0AAAAAp_5rVu-U9nEUrO1y7n-CO5FYOchK&gclid=EAIaIQobChMIwIOZsayCkQMV1kFIAB194jCjEAAYAiAEEgJTQvD_BwE"	"New"	""	"1"	"1"	""	"1.10"	"1.10"	""	"1"	"1"	""	"1"	"1"	""	"dentures that you can wear all the time"	""	"United States"	""	"1000"
"https://consumerlifetips.com/top-snap-on-veneers/?utm_source=google&utm_medium=cpc&utm_id=22978901242&utm_content=182629825177&utm_term=best%20snap%20on%20veneers&creativeId=772157188296&adgroupid=182629825177&targetid=kwd-299105642569&gclid=EAIaIQobChMI6oP08NvIkQMVpU1HAR2ucRG9EAAYASAEEgLek_D_BwE&gad_source=1&gad_campaignid=22978901242&gbraid=0AAAAAp_5rVtetTN3Btg9bWOtEI2yRw_O_&gclid=EAIaIQobChMI6oP08NvIkQMVpU1HAR2ucRG9EAAYASAEEgLek_D_BwE"	"New"	""	"1"	"1"	""	"0.83"	"0.83"	""	"1"	"1"	""	"1"	"1"	""	"price of veneers"	""	"United States"	""	"450"
"https://consumerlifetips.com/top-snap-on-veneers/?utm_source=google&utm_medium=cpc&utm_id=22978901242&utm_content=182629825177&utm_term=best%20snap%20on%20veneers&creativeId=772157188296&adgroupid=182629825177&targetid=kwd-299105642569&gclid=EAIaIQobChMIyuD56M--kQMVMnJHAR0OuhT4EAAYASAEEgIfY_D_BwE&gad_source=1&gad_campaignid=22978901242&gbraid=0AAAAAp_5rVsLuSvBs5ihgpNtMavNk4Wd7&gclid=EAIaIQobChMIyuD56M--kQMVMnJHAR0OuhT4EAAYASAEEgIfY_D_BwE"	"New"	""	"1"	"1"	""	"1.38"	"1.38"	""	"1"	"1"	""	"1"	"1"	""	"cost of teeth veneers"	""	"United States"	""	"600"
"https://consumerlifetips.com/top-snap-on-veneers/?utm_source=google&utm_medium=cpc&utm_id=22978901242&utm_content=182629825177&utm_term=best%20snap%20in%20veneers&creativeId=772157188296&adgroupid=182629825177&targetid=kwd-645166315425&gclid=EAIaIQobChMIsOrbmb7EkQMVGyzUAR3Zgw6OEAAYASAEEgLAIvD_BwE&gad_source=1&gad_campaignid=22978901242&gbraid=0AAAAAp_5rVvalPf6quQgzLXVv3M3fnLHQ&gclid=EAIaIQobChMIsOrbmb7EkQMVGyzUAR3Zgw6OEAAYASAEEgLAIvD_BwE"	"New"	""	"1"	"1"	""	"2.13"	"2.13"	""	"1"	"1"	""	"1"	"1"	""	"cheap options for missing teeth"	""	"United States"	""	"1600"
"https://consumerlifetips.com/top-snap-on-veneers/?utm_source=google&utm_medium=cpc&utm_id=22978901242&utm_content=182629825177&utm_term=best%20snap%20in%20veneers&creativeId=772157188296&adgroupid=182629825177&targetid=kwd-645166315425&gclid=EAIaIQobChMI05Oy8KW8kQMVpzMIBR0meBlPEAAYAiAEEgLTuvD_BwE&gad_source=1&gad_campaignid=22978901242&gbraid=0AAAAAp_5rVv5bIUWSJhGuc_zFWLIcUjWi&gclid=EAIaIQobChMI05Oy8KW8kQMVpzMIBR0meBlPEAAYAiAEEgLTuvD_BwE"	"New"	""	"1"	"1"	""	"2.09"	"2.09"	""	"1"	"1"	""	"1"	"1"	""	"fake teeth options"	""	"United States"	""	"700"
"https://consumerlifetips.com/top-snap-on-veneers/?utm_source=google&utm_medium=cpc&utm_id=22978901242&utm_content=182629825177&utm_term=best%20snap%20in%20veneers&creativeId=772157188296&adgroupid=182629825177&targetid=kwd-645166315425&gclid=EAIaIQobChMIgOiQhIvLkQMVxJ1aBR2tOTmZEAAYASAFEgJLqPD_BwE&gad_source=1&gad_campaignid=22978901242&gbraid=0AAAAAp_5rVuuutrzIc2LsDM0B86FUkIuJ&gclid=EAIaIQobChMIgOiQhIvLkQMVxJ1aBR2tOTmZEAAYASAFEgJLqPD_BwE"	"New"	""	"0"	""	""	"0.05"	"0.05"	""	"1"	"1"	""	"1"	"1"	""	"cost for veneers per tooth"	""	"United States"	""	"50"
"https://consumerlifetips.com/top-snap-on-veneers/?utm_source=google&utm_medium=cpc&utm_id=22978901242&utm_content=182629825177&utm_term=best%20snap%20on%20veneers&creativeId=772157188296&adgroupid=182629825177&targetid=kwd-299105642569&gclid=EAIaIQobChMI9pz5kpKzkQMV5FxHAR36agKVEAAYASAEEgLz6_D_BwE&gad_source=1&gad_campaignid=22978901242&gbraid=0AAAAAp_5rVt04eTWhraUZ_bDebK2JOQpp&gclid=EAIaIQobChMI9pz5kpKzkQMV5FxHAR36agKVEAAYASAEEgLz6_D_BwE"	"New"	""	"0"	""	""	"0.26"	"0.26"	""	"1"	"1"	""	"1"	"1"	""	"prepless veneers"	""	"United States"	""	"600"
"https://consumerlifetips.com/top-snap-on-veneers/?utm_source=google&utm_medium=cpc&utm_id=22978901242&utm_content=185016943379&utm_term=snap%20on%20teeth%20veneers&creativeId=772156896954&adgroupid=185016943379&targetid=kwd-297124761965&gclid=EAIaIQobChMI6-C6nuibkQMVu5taBR1FPCPKEAAYAiAEEgK1tvD_BwE&gad_source=1&gad_campaignid=22978901242&gbraid=0AAAAAp_5rVth2VqobrDOKdjRKrJktxzm1&gclid=EAIaIQobChMI6-C6nuibkQMVu5taBR1FPCPKEAAYAiAEEgK1tvD_BwE"	"New"	""	"0"	""	""	"0.18"	"0.18"	""	"1"	"1"	""	"1"	"1"	""	"snap on teeth veneers"	""	"United States"	""	"450"
"https://consumerlifetips.com/top-snap-on-veneers/?utm_source=google&utm_medium=cpc&utm_id=22978901242&utm_content=185016943379&utm_term=snap%20on%20teeth%20veneers&creativeId=772156896954&adgroupid=185016943379&targetid=kwd-297124761965&gclid=EAIaIQobChMI6qv72oCwkQMVcIBaBR1xYgaZEAAYAiAEEgIzlfD_BwE&gad_source=1&gad_campaignid=22978901242&gbraid=0AAAAAp_5rVuUt9PZY2IGgbp7Et-S3dXHp&gclid=EAIaIQobChMI6qv72oCwkQMVcIBaBR1xYgaZEAAYAiAEEgIzlfD_BwE"	"New"	""	"0"	""	""	"0.50"	"0.50"	""	"1"	"1"	""	"1"	"1"	""	"removable veneers you can eat with"	""	"United States"	""	"200"
"https://consumerlifetips.com/top-snap-on-veneers/?utm_source=google&utm_medium=cpc&utm_id=22978901242&utm_content=182629825177&utm_term=best%20pop%20in%20veneers&creativeId=772157188296&adgroupid=182629825177&targetid=kwd-904672384273&gclid=EAIaIQobChMIvNSih5zmkQMVYllIAB0zHhe8EAAYASAEEgItTPD_BwE&gad_source=1&gad_campaignid=22978901242&gbraid=0AAAAAp_5rVsteJV1eRq9AOa47gIEopcTK&gclid=EAIaIQobChMIvNSih5zmkQMVYllIAB0zHhe8EAAYASAEEgItTPD_BwE"	"New"	""	"0"	""	""	"0.15"	"0.15"	""	"1"	"1"	""	"1"	"1"	""	"dental overlays"	""	"United States"	""	"150"
"https://consumerlifetips.com/top-snap-on-veneers/?utm_source=google&utm_medium=cpc&utm_id=22978901242&utm_content=182629825177&utm_term=best%20snap%20in%20veneers&creativeId=772157188296&adgroupid=182629825177&targetid=kwd-645166315425&gclid=EAIaIQobChMI5JWbvdaDkQMV0ahmAh2sYQ-bEAAYAiAEEgJvL_D_BwE&gad_source=1&gad_campaignid=22978901242&gbraid=0AAAAAp_5rVu-U9nEUrO1y7n-CO5FYOchK&gclid=EAIaIQobChMI5JWbvdaDkQMV0ahmAh2sYQ-bEAAYAiAEEgJvL_D_BwE"	"New"	""	"0"	""	""	"0.08"	"0.08"	""	"1"	"1"	""	"1"	"1"	""	"best rated snap on veneers"	""	"United States"	""	"40"
"https://consumerlifetips.com/top-snap-on-veneers/?utm_source=google&utm_medium=cpc&utm_id=22978901242&utm_content=182629825177&utm_term=best%20snap%20in%20veneers&creativeId=772157188296&adgroupid=182629825177&targetid=kwd-645166315425&gclid=EAIaIQobChMIjeP-tKq_kQMVJCvUAR0wHQrdEAAYAiAFEgLUHvD_BwE&gad_source=1&gad_campaignid=22978901242&gbraid=0AAAAAp_5rVsLuSvBs5ihgpNtMavNk4Wd7&gclid=EAIaIQobChMIjeP-tKq_kQMVJCvUAR0wHQrdEAAYAiAFEgLUHvD_BwE"	"New"	""	"0"	""	""	"0.48"	"0.48"	""	"1"	"1"	""	"1"	"1"	""	"tooth veneer"	""	"United States"	""	"800"
"https://consumerlifetips.com/top-snap-on-veneers/?utm_source=google&utm_medium=cpc&utm_id=22978901242&utm_content=182629825177&utm_term=best%20pop%20on%20veneers&creativeId=772157188296&adgroupid=182629825177&targetid=kwd-1147306437020&gclid=EAIaIQobChMIiuel7u-xkQMVDzIIBR0czBo2EAAYAiAFEgJa3vD_BwE&gad_source=1&gad_campaignid=22978901242&gbraid=0AAAAAp_5rVt04eTWhraUZ_bDebK2JOQpp&gclid=EAIaIQobChMIiuel7u-xkQMVDzIIBR0czBo2EAAYAiAFEgJa3vD_BwE"	"New"	""	"0"	""	""	"2.02"	"2.02"	""	"1"	"1"	""	"1"	"1"	""	"best pop on veneers"	""	"United States"	""	"1100"
"https://consumerlifetips.com/top-snap-on-veneers/?utm_source=google&utm_medium=cpc&utm_id=22978901242&utm_content=182629825177&utm_term=best%20snap%20on%20veneers&creativeId=772157188296&adgroupid=182629825177&targetid=kwd-299105642569&gclid=EAIaIQobChMI9pz5kpKzkQMV5FxHAR36agKVEAAYASAFEgJN7PD_BwE&gad_source=1&gad_campaignid=22978901242&gbraid=0AAAAAp_5rVt04eTWhraUZ_bDebK2JOQpp&gclid=EAIaIQobChMI9pz5kpKzkQMV5FxHAR36agKVEAAYASAFEgJN7PD_BwE"	"New"	""	"0"	""	""	"0.26"	"0.26"	""	"1"	"1"	""	"1"	"1"	""	"prepless veneers"	""	"United States"	""	"600"
"https://consumerlifetips.com/top-snap-on-veneers/?utm_source=google&utm_medium=cpc&utm_id=22978901242&utm_content=182629825177&utm_term=best%20snap%20in%20veneers&creativeId=772157188296&adgroupid=182629825177&targetid=kwd-645166315425&gclid=EAIaIQobChMIu76RifrJkQMV0zQIBR0oaTHqEAAYASAFEgKx0fD_BwE&gad_source=1&gad_campaignid=22978901242&gbraid=0AAAAAp_5rVtetTN3Btg9bWOtEI2yRw_O_&gclid=EAIaIQobChMIu76RifrJkQMV0zQIBR0oaTHqEAAYASAFEgKx0fD_BwE"	"New"	""	"0"	""	""	""	""	""	"1"	"1"	""	"1"	"1"	""	"how.much do veneers cost"	""	"United States"	""	"200"
"https://consumerlifetips.com/top-snap-on-veneers/?utm_source=google&utm_medium=cpc&utm_id=22978901242&utm_content=185016943379&utm_term=veneers%20reviews&creativeId=772156896954&adgroupid=185016943379&targetid=kwd-298032879504&gclid=EAIaIQobChMIlPLWgcqokQMVlF3_AR0M1BohEAAYAiAFEgLIVPD_BwE&gad_source=1&gad_campaignid=22978901242&gbraid=0AAAAAp_5rVsi7SD8T6oTJFXck4fLwwKFX&gclid=EAIaIQobChMIlPLWgcqokQMVlF3_AR0M1BohEAAYAiAFEgLIVPD_BwE"	"New"	""	"0"	""	""	"0.48"	"0.48"	""	"1"	"1"	""	"1"	"1"	""	"veneers or implants"	""	"United States"	""	"350"
"https://consumerlifetips.com/top-snap-on-veneers/?utm_source=google&utm_medium=cpc&utm_id=22978901242&utm_content=182629825177&utm_term=best%20snap%20in%20veneers&creativeId=772157188296&adgroupid=182629825177&targetid=kwd-645166315425&gclid=EAIaIQobChMI1qDNiP7lkQMVWUZIAB0fwSQJEAAYAiAFEgKojfD_BwE&gad_source=1&gad_campaignid=22978901242&gbraid=0AAAAAp_5rVsteJV1eRq9AOa47gIEopcTK&gclid=EAIaIQobChMI1qDNiP7lkQMVWUZIAB0fwSQJEAAYAiAFEgKojfD_BwE"	"New"	""	"0"	""	""	"0.02"	"0.02"	""	"1"	"1"	""	"1"	"1"	""	"dental teeth covers"	""	"United States"	""	"20"
"https://consumerlifetips.com/top-snap-on-veneers/?utm_source=google&utm_medium=cpc&utm_id=22978901242&utm_content=182629825177&utm_term=best%20snap%20in%20veneers&creativeId=772157188296&adgroupid=182629825177&targetid=kwd-645166315425&gclid=EAIaIQobChMIr-jR6ZivkQMVNpWDBx1pbTKfEAAYASAFEgJ_cPD_BwE&gad_source=1&gad_campaignid=22978901242&gbraid=0AAAAAp_5rVtP5mOFNA0fDx8ApzQ3pmWy2&gclid=EAIaIQobChMIr-jR6ZivkQMVNpWDBx1pbTKfEAAYASAFEgJ_cPD_BwE"	"New"	""	"0"	""	""	"0.10"	"0.10"	""	"1"	"1"	""	"1"	"1"	""	"partial veneers"	""	"United States"	""	"250"
"https://consumerlifetips.com/top-snap-on-veneers/?utm_source=google&utm_medium=cpc&utm_id=22978901242&utm_content=182629825177&utm_term=best%20snap%20in%20veneers&creativeId=772157188296&adgroupid=182629825177&targetid=kwd-645166315425&gclid=EAIaIQobChMIgOiQhIvLkQMVxJ1aBR2tOTmZEAAYASAEEgKtePD_BwE&gad_source=1&gad_campaignid=22978901242&gbraid=0AAAAAp_5rVuuutrzIc2LsDM0B86FUkIuJ&gclid=EAIaIQobChMIgOiQhIvLkQMVxJ1aBR2tOTmZEAAYASAEEgKtePD_BwE"	"New"	""	"0"	""	""	"0.05"	"0.05"	""	"1"	"1"	""	"1"	"1"	""	"cost for veneers per tooth"	""	"United States"	""	"50"
"https://consumerlifetips.com/top-snap-on-veneers/?utm_source=google&utm_medium=cpc&utm_id=22978901242&utm_content=185016943379&utm_term=pop%20veneers&creativeId=772156896954&adgroupid=185016943379&targetid=kwd-1149402486624&gclid=EAIaIQobChMIseKo4vmUkQMVvSRECB0FQjaqEAAYAiAFEgIe-fD_BwE&gad_source=1&gad_campaignid=22978901242&gbraid=0AAAAAp_5rVs6NGpPX6ZDQkMELcwhuiN3u&gclid=EAIaIQobChMIseKo4vmUkQMVvSRECB0FQjaqEAAYAiAFEgIe-fD_BwE"	"New"	""	"0"	""	""	"0.25"	"0.25"	""	"1"	"1"	""	"1"	"1"	""	"pop up veneers"	""	"United States"	""	"400"
"https://consumerlifetips.com/top-snap-on-veneers/?utm_source=google&utm_medium=cpc&utm_id=22978901242&utm_content=182629825177&utm_term=best%20snap%20in%20veneers&creativeId=772157188296&adgroupid=182629825177&targetid=kwd-645166315425&gclid=EAIaIQobChMIjeP-tKq_kQMVJCvUAR0wHQrdEAAYAiAEEgIdhvD_BwE&gad_source=1&gad_campaignid=22978901242&gbraid=0AAAAAp_5rVsLuSvBs5ihgpNtMavNk4Wd7&gclid=EAIaIQobChMIjeP-tKq_kQMVJCvUAR0wHQrdEAAYAiAEEgIdhvD_BwE"	"New"	""	"0"	""	""	"0.48"	"0.48"	""	"1"	"1"	""	"1"	"1"	""	"tooth veneer"	""	"United States"	""	"800"
"https://consumerlifetips.com/top-snap-on-veneers/?utm_source=google&utm_medium=cpc&utm_id=22978901242&utm_content=185016943379&utm_term=snap%20on%20teeth%20veneers&creativeId=772156896954&adgroupid=185016943379&targetid=kwd-297124761965&gclid=EAIaIQobChMI2-_yqZHLkQMVIVB_AB2T8AD_EAAYAiADEgIpNfD_BwE&gad_source=1&gad_campaignid=22978901242&gbraid=0AAAAAp_5rVuuutrzIc2LsDM0B86FUkIuJ&gclid=EAIaIQobChMI2-_yqZHLkQMVIVB_AB2T8AD_EAAYAiADEgIpNfD_BwE"	"New"	""	"0"	""	""	"1.47"	"1.47"	""	"1"	"1"	""	"1"	"1"	""	"nuvia teeth"	""	"United States"	""	"500"
"https://consumerlifetips.com/top-snap-on-veneers/?utm_source=google&utm_medium=cpc&utm_id=22978901242&utm_content=182629825177&utm_term=best%20snap%20in%20veneers&creativeId=772157188296&adgroupid=182629825177&targetid=kwd-645166315425&gclid=EAIaIQobChMIlIbtr7TakQMVJVtHAR1TtwjfEAAYAiAFEgKsXvD_BwE&gad_source=1&gad_campaignid=22978901242&gbraid=0AAAAAp_5rVuob_QoIlC-fGG7MpL49ewd1&gclid=EAIaIQobChMIlIbtr7TakQMVJVtHAR1TtwjfEAAYAiAFEgKsXvD_BwE"	"New"	""	"0"	""	""	"0.01"	"0.01"	""	"1"	"1"	""	"1"	"1"	""	"fake teeth mouth guard"	""	"United States"	""	"20"
"https://consumerlifetips.com/top-snap-on-veneers/?utm_source=google&utm_medium=cpc&utm_id=22978901242&utm_content=185016943379&utm_term=pop%20up%20veneers%20reviews&creativeId=772156896954&adgroupid=185016943379&targetid=kwd-1260829856379&gclid=EAIaIQobChMIi77yiZWBkQMVBJ5aBR0Yxx-MEAAYASAEEgI2TfD_BwE&gad_source=1&gad_campaignid=22978901242&gbraid=0AAAAAp_5rVsq41JLwav2hAGMPjVbxTDPd&gclid=EAIaIQobChMIi77yiZWBkQMVBJ5aBR0Yxx-MEAAYASAEEgI2TfD_BwE"	"New"	""	"0"	""	""	"0.71"	"0.71"	""	"1"	"1"	""	"1"	"1"	""	"pop on veneers bad reviews"	""	"United States"	""	"300"
"https://consumerlifetips.com/top-snap-on-veneers/?utm_source=google&utm_medium=cpc&utm_id=22978901242&utm_content=185016943379&utm_term=veneers%20reviews&creativeId=772156896954&adgroupid=185016943379&targetid=kwd-298032879504&gclid=EAIaIQobChMI46uN7-jJkQMV-GFHAR22TjRSEAAYAiAEEgK6CPD_BwE&gad_source=1&gad_campaignid=22978901242&gbraid=0AAAAAp_5rVtetTN3Btg9bWOtEI2yRw_O_&gclid=EAIaIQobChMI46uN7-jJkQMV-GFHAR22TjRSEAAYAiAEEgK6CPD_BwE"	"New"	""	"0"	""	""	"0.14"	"0.14"	""	"1"	"1"	""	"1"	"1"	""	"are pop on veneers worth it"	""	"United States"	""	"350"
"https://consumerlifetips.com/top-snap-on-veneers/?utm_source=google&utm_medium=cpc&utm_id=22978901242&utm_content=182629825177&utm_term=best%20snap%20in%20veneers&creativeId=772157188296&adgroupid=182629825177&targetid=kwd-645166315425&gclid=EAIaIQobChMIufaax_qhkQMVQE9IAB1thQcVEAAYASAFEgJkDvD_BwE&gad_source=1&gad_campaignid=22978901242&gbraid=0AAAAAp_5rVvR7XZLFz2SywAfAqMvMqqlY&gclid=EAIaIQobChMIufaax_qhkQMVQE9IAB1thQcVEAAYASAFEgJkDvD_BwE"	"New"	""	"0"	""	""	"0.02"	"0.02"	""	"1"	"1"	""	"1"	"1"	""	"how much are temporary veneers"	""	"United States"	""	"20"
"https://consumerlifetips.com/top-snap-on-veneers/?utm_source=google&utm_medium=cpc&utm_id=22978901242&utm_content=182629825177&utm_term=best%20pop%20on%20veneers&creativeId=772157188296&adgroupid=182629825177&targetid=kwd-1147306437020&gclid=EAIaIQobChMIiuel7u-xkQMVDzIIBR0czBo2EAAYAiAEEgJq4PD_BwE&gad_source=1&gad_campaignid=22978901242&gbraid=0AAAAAp_5rVt04eTWhraUZ_bDebK2JOQpp&gclid=EAIaIQobChMIiuel7u-xkQMVDzIIBR0czBo2EAAYAiAEEgJq4PD_BwE"	"New"	""	"0"	""	""	"2.02"	"2.02"	""	"1"	"1"	""	"1"	"1"	""	"best pop on veneers"	""	"United States"	""	"1100"
"https://consumerlifetips.com/top-snap-on-veneers/?utm_source=google&utm_medium=cpc&utm_id=22978901242&utm_content=185016943379&utm_term=snap%20on%20veneers&creativeId=772156896954&adgroupid=185016943379&targetid=kwd-2446726003&gclid=EAIaIQobChMIyo-w3uKUkQMV2W1HAR1-jyWvEAAYAiAEEgKMbPD_BwE&gad_source=1&gad_campaignid=22978901242&gbraid=0AAAAAp_5rVs6NGpPX6ZDQkMELcwhuiN3u&gclid=EAIaIQobChMIyo-w3uKUkQMV2W1HAR1-jyWvEAAYAiAEEgKMbPD_BwE"	"New"	""	"0"	""	""	"0.07"	"0.07"	""	"1"	"1"	""	"1"	"1"	""	"are snap on veneers any good"	""	"United States"	""	"60"
"https://consumerlifetips.com/top-snap-on-veneers/?utm_source=google&utm_medium=cpc&utm_id=22978901242&utm_content=185016943379&utm_term=snap%20on%20teeth%20veneers&creativeId=772156896954&adgroupid=185016943379&targetid=kwd-297124761965&gclid=EAIaIQobChMI6qv72oCwkQMVcIBaBR1xYgaZEAAYAiADEgJRXfD_BwE&gad_source=1&gad_campaignid=22978901242&gbraid=0AAAAAp_5rVuUt9PZY2IGgbp7Et-S3dXHp&gclid=EAIaIQobChMI6qv72oCwkQMVcIBaBR1xYgaZEAAYAiADEgJRXfD_BwE"	"New"	""	"0"	""	""	"0.50"	"0.50"	""	"1"	"1"	""	"1"	"1"	""	"removable veneers you can eat with"	""	"United States"	""	"200"
"https://consumerlifetips.com/top-snap-on-veneers/?utm_source=google&utm_medium=cpc&utm_id=22978901242&utm_content=182629825177&utm_term=best%20snap%20in%20veneers&creativeId=772157188296&adgroupid=182629825177&targetid=kwd-645166315425&gclid=EAIaIQobChMI6vfG18rJkQMV6V5IAB0fNR1PEAAYAiAEEgIXfPD_BwE&gad_source=1&gad_campaignid=22978901242&gbraid=0AAAAAp_5rVtetTN3Btg9bWOtEI2yRw_O_&gclid=EAIaIQobChMI6vfG18rJkQMV6V5IAB0fNR1PEAAYAiAEEgIXfPD_BwE"	"New"	""	"0"	""	""	"0.01"	"0.01"	""	"1"	"1"	""	"1"	"1"	""	"no dentist veneers"	""	"United States"	""	"10"
"https://consumerlifetips.com/top-snap-on-veneers/?utm_source=google&utm_medium=cpc&utm_id=22978901242&utm_content=182629825177&utm_term=best%20pop%20in%20veneers&creativeId=772157188296&adgroupid=182629825177&targetid=kwd-904672384273&gclid=EAIaIQobChMIjZGJ6biYkQMVPl9IAB283RrzEAAYAiAEEgLNHfD_BwE&gad_source=1&gad_campaignid=22978901242&gbraid=0AAAAAp_5rVuk9gQZeZj19m_kYLEO_CcNt&gclid=EAIaIQobChMIjZGJ6biYkQMVPl9IAB283RrzEAAYAiAEEgLNHfD_BwE"	"New"	""	"0"	""	""	"0.03"	"0.03"	""	"1"	"1"	""	"1"	"1"	""	"best clip on teeth"	""	"United States"	""	"10"
"https://consumerlifetips.com/top-snap-on-veneers/?utm_source=google&utm_medium=cpc&utm_id=22978901242&utm_content=182629825177&utm_term=best%20snap%20in%20veneers&creativeId=772157188296&adgroupid=182629825177&targetid=kwd-645166315425&gclid=EAIaIQobChMIu76RifrJkQMV0zQIBR0oaTHqEAAYASAEEgKfA_D_BwE&gad_source=1&gad_campaignid=22978901242&gbraid=0AAAAAp_5rVtetTN3Btg9bWOtEI2yRw_O_&gclid=EAIaIQobChMIu76RifrJkQMV0zQIBR0oaTHqEAAYASAEEgKfA_D_BwE"	"New"	""	"0"	""	""	""	""	""	"1"	"1"	""	"1"	"1"	""	"how.much do veneers cost"	""	"United States"	""	"200"
"https://consumerlifetips.com/top-snap-on-veneers/?utm_source=google&utm_medium=cpc&utm_id=22978901242&utm_content=182629825177&utm_term=best%20snap%20in%20veneers&creativeId=772157188296&adgroupid=182629825177&targetid=kwd-645166315425&gclid=EAIaIQobChMI0-6JrYr9kAMVMbumAx2M1xgVEAAYAiAFEgLkl_D_BwE&gad_source=1&gad_campaignid=22978901242&gbraid=0AAAAAp_5rVsfIJjuhbtgCfMQ_1kSHwXKY&gclid=EAIaIQobChMI0-6JrYr9kAMVMbumAx2M1xgVEAAYAiAFEgLkl_D_BwE"	"New"	""	"0"	""	""	"0.03"	"0.03"	""	"1"	"1"	""	"1"	"1"	""	"veneers upper teeth only"	""	"United States"	""	"20"
"https://consumerlifetips.com/top-snap-on-veneers/?utm_source=google&utm_medium=cpc&utm_id=22978901242&utm_content=182629825177&utm_term=best%20snap%20in%20veneers&creativeId=772157188296&adgroupid=182629825177&targetid=kwd-645166315425&gclid=EAIaIQobChMI1ffgqPjAkQMVB5eDBx1mJSu1EAAYAiAFEgKJX_D_BwE&gad_source=1&gad_campaignid=22978901242&gbraid=0AAAAAp_5rVsB03geDZ00dWa2qXQaJkRAw&gclid=EAIaIQobChMI1ffgqPjAkQMVB5eDBx1mJSu1EAAYAiAFEgKJX_D_BwE"	"New"	""	"0"	""	""	"0.16"	"0.16"	""	"1"	"1"	""	"1"	"1"	""	"veneers for teeth cost"	""	"United States"	""	"250"
"https://consumerlifetips.com/top-snap-on-veneers/?utm_source=google&utm_medium=cpc&utm_id=22978901242&utm_content=182629825177&utm_term=best%20snap%20in%20veneers&creativeId=772157188296&adgroupid=182629825177&targetid=kwd-645166315425&gclid=EAIaIQobChMIzarrt7bokQMVYtJEBx19IDntEAAYAiADEgKamvD_BwE&gad_source=1&gad_campaignid=22978901242&gbraid=0AAAAAp_5rVtT48sfH3bl2NJ5a-spn0By9&gclid=EAIaIQobChMIzarrt7bokQMVYtJEBx19IDntEAAYAiADEgKamvD_BwE"	"New"	""	"0"	""	""	"0.02"	"0.02"	""	"1"	"1"	""	"1"	"1"	""	"best dentures to buy"	""	"United States"	""	"20"
"https://consumerlifetips.com/top-snap-on-veneers/?utm_source=google&utm_medium=cpc&utm_id=22978901242&utm_content=182629825177&utm_term=best%20snap%20in%20veneers&creativeId=772157188296&adgroupid=182629825177&targetid=kwd-645166315425&gclid=EAIaIQobChMI_ajo2ODOkQMVKY9QBh3b_CR1EAAYASAFEgLMCfD_BwE&gad_source=1&gad_campaignid=22978901242&gbraid=0AAAAAp_5rVtgJZY5zye9vlEnG7yMjeqaV&gclid=EAIaIQobChMI_ajo2ODOkQMVKY9QBh3b_CR1EAAYASAFEgLMCfD_BwE"	"New"	""	"0"	""	""	""	""	""	"1"	"1"	""	"1"	"1"	""	"overlays on teeth"	""	"United States"	""	"10"
"https://consumerlifetips.com/top-snap-on-veneers/?utm_source=google&utm_medium=cpc&utm_id=22978901242&utm_content=182629825177&utm_term=best%20snap%20in%20veneers&creativeId=772157188296&adgroupid=182629825177&targetid=kwd-645166315425&gclid=EAIaIQobChMI4c32y_nokQMVxjpECB2MhDtZEAAYASAGEgLc3_D_BwE&gad_source=1&gad_campaignid=22978901242&gbraid=0AAAAAp_5rVtT48sfH3bl2NJ5a-spn0By9&gclid=EAIaIQobChMI4c32y_nokQMVxjpECB2MhDtZEAAYASAGEgLc3_D_BwE"	"New"	""	"0"	""	""	""	""	""	"1"	"1"	""	"1"	"1"	""	"full mouth veneer"	""	"United States"	""	"10"
"https://consumerlifetips.com/top-snap-on-veneers/?utm_source=google&utm_medium=cpc&utm_id=22978901242&utm_content=185016943379&utm_term=snap%20on%20teeth%20veneers&creativeId=772156896954&adgroupid=185016943379&targetid=kwd-297124761965&gclid=EAIaIQobChMI6-C6nuibkQMVu5taBR1FPCPKEAAYAiAFEgKbHfD_BwE&gad_source=1&gad_campaignid=22978901242&gbraid=0AAAAAp_5rVth2VqobrDOKdjRKrJktxzm1&gclid=EAIaIQobChMI6-C6nuibkQMVu5taBR1FPCPKEAAYAiAFEgKbHfD_BwE"	"New"	""	"0"	""	""	"0.18"	"0.18"	""	"1"	"1"	""	"1"	"1"	""	"snap on teeth veneers"	""	"United States"	""	"450"
"https://consumerlifetips.com/top-snap-on-veneers/?utm_source=google&utm_medium=cpc&utm_id=22978901242&utm_content=182629825177&utm_term=best%20pop%20in%20veneers&creativeId=772157188296&adgroupid=182629825177&targetid=kwd-904672384273&gclid=EAIaIQobChMIvNSih5zmkQMVYllIAB0zHhe8EAAYASAFEgL0q_D_BwE&gad_source=1&gad_campaignid=22978901242&gbraid=0AAAAAp_5rVsteJV1eRq9AOa47gIEopcTK&gclid=EAIaIQobChMIvNSih5zmkQMVYllIAB0zHhe8EAAYASAFEgL0q_D_BwE"	"New"	""	"0"	""	""	"0.15"	"0.15"	""	"1"	"1"	""	"1"	"1"	""	"dental overlays"	""	"United States"	""	"150"
"https://consumerlifetips.com/top-snap-on-veneers/?utm_source=google&utm_medium=cpc&utm_id=22978901242&utm_content=182629825177&utm_term=best%20snap%20in%20veneers&creativeId=772157188296&adgroupid=182629825177&targetid=kwd-645166315425&gclid=EAIaIQobChMI6vfG18rJkQMV6V5IAB0fNR1PEAAYAiAFEgIrAvD_BwE&gad_source=1&gad_campaignid=22978901242&gbraid=0AAAAAp_5rVtetTN3Btg9bWOtEI2yRw_O_&gclid=EAIaIQobChMI6vfG18rJkQMV6V5IAB0fNR1PEAAYAiAFEgIrAvD_BwE"	"New"	""	"0"	""	""	"0.01"	"0.01"	""	"1"	"1"	""	"1"	"1"	""	"no dentist veneers"	""	"United States"	""	"10"
"https://consumerlifetips.com/top-snap-on-veneers/?utm_source=google&utm_medium=cpc&utm_id=22978901242&utm_content=182629825177&utm_term=best%20snap%20in%20veneers&creativeId=772157188296&adgroupid=182629825177&targetid=kwd-645166315425&gclid=EAIaIQobChMI_ajo2ODOkQMVKY9QBh3b_CR1EAAYASAEEgIySPD_BwE&gad_source=1&gad_campaignid=22978901242&gbraid=0AAAAAp_5rVtgJZY5zye9vlEnG7yMjeqaV&gclid=EAIaIQobChMI_ajo2ODOkQMVKY9QBh3b_CR1EAAYASAEEgIySPD_BwE"	"New"	""	"0"	""	""	""	""	""	"1"	"1"	""	"1"	"1"	""	"overlays on teeth"	""	"United States"	""	"10"
"https://consumerlifetips.com/top-snap-on-veneers/?utm_source=google&utm_medium=cpc&utm_id=22978901242&utm_content=182629825177&utm_term=best%20snap%20in%20veneers&creativeId=772157188296&adgroupid=182629825177&targetid=kwd-645166315425&gclid=EAIaIQobChMIvOKB0tWTkQMVYF9IAB0mcTSsEAAYASAFEgL_fvD_BwE&gad_source=1&gad_campaignid=22978901242&gbraid=0AAAAAp_5rVs6NGpPX6ZDQkMELcwhuiN3u&gclid=EAIaIQobChMIvOKB0tWTkQMVYF9IAB0mcTSsEAAYASAFEgL_fvD_BwE"	"New"	""	"0"	""	""	"0.00"	""	""	"1"	"1"	""	"1"	"1"	""	"fix crooked teeth with veneers"	""	"United States"	""	"10"
"https://consumerlifetips.com/top-snap-on-veneers/?utm_source=google&utm_medium=cpc&utm_id=22978901242&utm_content=185016943379&utm_term=snap%20on%20teeth%20veneers&creativeId=772156896954&adgroupid=185016943379&targetid=kwd-297124761965&gclid=EAIaIQobChMI2-_yqZHLkQMVIVB_AB2T8AD_EAAYAiAEEgIwZfD_BwE&gad_source=1&gad_campaignid=22978901242&gbraid=0AAAAAp_5rVuuutrzIc2LsDM0B86FUkIuJ&gclid=EAIaIQobChMI2-_yqZHLkQMVIVB_AB2T8AD_EAAYAiAEEgIwZfD_BwE"	"New"	""	"0"	""	""	"1.47"	"1.47"	""	"1"	"1"	""	"1"	"1"	""	"nuvia teeth"	""	"United States"	""	"500"
"https://consumerlifetips.com/top-snap-on-veneers/?utm_source=google&utm_medium=cpc&utm_id=22978901242&utm_content=182629825177&utm_term=best%20snap%20in%20veneers&creativeId=772157188296&adgroupid=182629825177&targetid=kwd-645166315425&gclid=EAIaIQobChMImb7b1tXCkQMVdFJ_AB1sZhwaEAAYASAEEgI1pfD_BwE&gad_source=1&gad_campaignid=22978901242&gbraid=0AAAAAp_5rVsB03geDZ00dWa2qXQaJkRAw&gclid=EAIaIQobChMImb7b1tXCkQMVdFJ_AB1sZhwaEAAYASAEEgI1pfD_BwE"	"New"	""	"0"	""	""	"0.03"	"0.03"	""	"1"	"1"	""	"1"	"1"	""	"what are veneers for teeth"	""	"United States"	""	"300"
"https://consumerlifetips.com/top-snap-on-veneers/?utm_source=google&utm_medium=cpc&utm_id=22978901242&utm_content=182629825177&utm_term=best%20snap%20in%20veneers&creativeId=772157188296&adgroupid=182629825177&targetid=kwd-645166315425&gclid=EAIaIQobChMImOXZvszOkQMVtPyUCR2apR8FEAAYAiAGEgLBmfD_BwE&gad_source=1&gad_campaignid=22978901242&gbraid=0AAAAAp_5rVtgJZY5zye9vlEnG7yMjeqaV&gclid=EAIaIQobChMImOXZvszOkQMVtPyUCR2apR8FEAAYAiAGEgLBmfD_BwE"	"New"	""	"0"	""	""	"0.35"	"0.35"	""	"1"	"1"	""	"1"	"1"	""	"porcelain teeth veneers"	""	"United States"	""	"300"
"https://consumerlifetips.com/top-snap-on-veneers/?utm_source=google&utm_medium=cpc&utm_id=22978901242&utm_content=182629825177&utm_term=best%20pop%20in%20veneers&creativeId=772157188296&adgroupid=182629825177&targetid=kwd-904672384273&gclid=EAIaIQobChMIjZGJ6biYkQMVPl9IAB283RrzEAAYAiAFEgIwffD_BwE&gad_source=1&gad_campaignid=22978901242&gbraid=0AAAAAp_5rVuk9gQZeZj19m_kYLEO_CcNt&gclid=EAIaIQobChMIjZGJ6biYkQMVPl9IAB283RrzEAAYAiAFEgIwffD_BwE"	"New"	""	"0"	""	""	"0.03"	"0.03"	""	"1"	"1"	""	"1"	"1"	""	"best clip on teeth"	""	"United States"	""	"10"
"https://consumerlifetips.com/top-snap-on-veneers/?utm_source=google&utm_medium=cpc&utm_id=22978901242&utm_content=185016943379&utm_term=snap%20on%20veneers&creativeId=772156896954&adgroupid=185016943379&targetid=kwd-2446726003&gclid=EAIaIQobChMIyo-w3uKUkQMV2W1HAR1-jyWvEAAYAiADEgLpJ_D_BwE&gad_source=1&gad_campaignid=22978901242&gbraid=0AAAAAp_5rVs6NGpPX6ZDQkMELcwhuiN3u&gclid=EAIaIQobChMIyo-w3uKUkQMV2W1HAR1-jyWvEAAYAiADEgLpJ_D_BwE"	"New"	""	"0"	""	""	"0.07"	"0.07"	""	"1"	"1"	""	"1"	"1"	""	"are snap on veneers any good"	""	"United States"	""	"60"
"https://consumerlifetips.com/top-snap-on-veneers/?utm_source=google&utm_medium=cpc&utm_id=22978901242&utm_content=185016943379&utm_term=press%20on%20teeth%20veneers&creativeId=772156896954&adgroupid=185016943379&targetid=kwd-303833070889&gclid=EAIaIQobChMIspCT1tbWkQMVdkhIAB3iWSbJEAAYAiAFEgICF_D_BwE&gad_source=1&gad_campaignid=22978901242&gbraid=0AAAAAp_5rVvWEcFmvsT6_z4gv8cDmysXS&gclid=EAIaIQobChMIspCT1tbWkQMVdkhIAB3iWSbJEAAYAiAFEgICF_D_BwE"	"New"	""	"0"	""	""	""	""	""	"1"	"1"	""	"1"	"1"	""	"veneer fake teeth"	""	"United States"	""	"20"
"https://consumerlifetips.com/top-snap-on-veneers/?utm_source=google&utm_medium=cpc&utm_id=22978901242&utm_content=182629825177&utm_term=best%20snap%20in%20veneers&creativeId=772157188296&adgroupid=182629825177&targetid=kwd-645166315425&gclid=EAIaIQobChMIr-jR6ZivkQMVNpWDBx1pbTKfEAAYASAEEgJ9rfD_BwE&gad_source=1&gad_campaignid=22978901242&gbraid=0AAAAAp_5rVtP5mOFNA0fDx8ApzQ3pmWy2&gclid=EAIaIQobChMIr-jR6ZivkQMVNpWDBx1pbTKfEAAYASAEEgJ9rfD_BwE"	"New"	""	"0"	""	""	"0.10"	"0.10"	""	"1"	"1"	""	"1"	"1"	""	"partial veneers"	""	"United States"	""	"250"
"https://consumerlifetips.com/top-snap-on-veneers/?utm_source=google&utm_medium=cpc&utm_id=22978901242&utm_content=185016943379&utm_term=pop%20up%20veneers%20reviews&creativeId=772156896954&adgroupid=185016943379&targetid=kwd-1260829856379&gclid=EAIaIQobChMIi77yiZWBkQMVBJ5aBR0Yxx-MEAAYASADEgItcvD_BwE&gad_source=1&gad_campaignid=22978901242&gbraid=0AAAAAp_5rVsq41JLwav2hAGMPjVbxTDPd&gclid=EAIaIQobChMIi77yiZWBkQMVBJ5aBR0Yxx-MEAAYASADEgItcvD_BwE"	"New"	""	"0"	""	""	"0.71"	"0.71"	""	"1"	"1"	""	"1"	"1"	""	"pop on veneers bad reviews"	""	"United States"	""	"300"
"https://consumerlifetips.com/top-snap-on-veneers/?utm_source=google&utm_medium=cpc&utm_id=22978901242&utm_content=182629825177&utm_term=best%20snap%20in%20veneers&creativeId=772157188296&adgroupid=182629825177&targetid=kwd-645166315425&gclid=EAIaIQobChMIufaax_qhkQMVQE9IAB1thQcVEAAYASAEEgIRV_D_BwE&gad_source=1&gad_campaignid=22978901242&gbraid=0AAAAAp_5rVvR7XZLFz2SywAfAqMvMqqlY&gclid=EAIaIQobChMIufaax_qhkQMVQE9IAB1thQcVEAAYASAEEgIRV_D_BwE"	"New"	""	"0"	""	""	"0.02"	"0.02"	""	"1"	"1"	""	"1"	"1"	""	"how much are temporary veneers"	""	"United States"	""	"20"
"https://consumerlifetips.com/top-snap-on-veneers/?utm_source=google&utm_medium=cpc&utm_id=22978901242&utm_content=182629825177&utm_term=best%20snap%20in%20veneers&creativeId=772157188296&adgroupid=182629825177&targetid=kwd-645166315425&gclid=EAIaIQobChMImb7b1tXCkQMVdFJ_AB1sZhwaEAAYASAFEgJja_D_BwE&gad_source=1&gad_campaignid=22978901242&gbraid=0AAAAAp_5rVsB03geDZ00dWa2qXQaJkRAw&gclid=EAIaIQobChMImb7b1tXCkQMVdFJ_AB1sZhwaEAAYASAFEgJja_D_BwE"	"New"	""	"0"	""	""	"0.03"	"0.03"	""	"1"	"1"	""	"1"	"1"	""	"what are veneers for teeth"	""	"United States"	""	"300"
"https://consumerlifetips.com/top-snap-on-veneers/?utm_source=google&utm_medium=cpc&utm_id=22978901242&utm_content=185016943379&utm_term=veneers%20reviews&creativeId=772156896954&adgroupid=185016943379&targetid=kwd-298032879504&gclid=EAIaIQobChMI7sHS64a5kQMV5BmtBh0jcwB0EAAYASADEgKc7vD_BwE&gad_source=1&gad_campaignid=22978901242&gbraid=0AAAAAp_5rVup86eRJpaZy_yDCFwkjXPvy&gclid=EAIaIQobChMI7sHS64a5kQMV5BmtBh0jcwB0EAAYASADEgKc7vD_BwE"	"New"	""	"0"	""	""	"0.60"	"0.60"	""	"1"	"1"	""	"1"	"1"	""	"can you eat with veneers"	""	"United States"	""	"450"
"https://consumerlifetips.com/top-snap-on-veneers/?utm_source=google&utm_medium=cpc&utm_id=22978901242&utm_content=185016943379&utm_term=veneers%20reviews&creativeId=772156896954&adgroupid=185016943379&targetid=kwd-298032879504&gclid=EAIaIQobChMI7sHS64a5kQMV5BmtBh0jcwB0EAAYASAEEgKoO_D_BwE&gad_source=1&gad_campaignid=22978901242&gbraid=0AAAAAp_5rVup86eRJpaZy_yDCFwkjXPvy&gclid=EAIaIQobChMI7sHS64a5kQMV5BmtBh0jcwB0EAAYASAEEgKoO_D_BwE"	"New"	""	"0"	""	""	"0.60"	"0.60"	""	"1"	"1"	""	"1"	"1"	""	"can you eat with veneers"	""	"United States"	""	"450"
"https://consumerlifetips.com/top-snap-on-veneers/?utm_source=google&utm_medium=cpc&utm_id=22978901242&utm_content=185016943379&utm_term=veneers%20reviews&creativeId=772156896954&adgroupid=185016943379&targetid=kwd-298032879504&gclid=EAIaIQobChMI46uN7-jJkQMV-GFHAR22TjRSEAAYAiAFEgIEf_D_BwE&gad_source=1&gad_campaignid=22978901242&gbraid=0AAAAAp_5rVtetTN3Btg9bWOtEI2yRw_O_&gclid=EAIaIQobChMI46uN7-jJkQMV-GFHAR22TjRSEAAYAiAFEgIEf_D_BwE"	"New"	""	"0"	""	""	"0.14"	"0.14"	""	"1"	"1"	""	"1"	"1"	""	"are pop on veneers worth it"	""	"United States"	""	"350"
"https://consumerlifetips.com/top-snap-on-veneers/?utm_source=google&utm_medium=cpc&utm_id=22978901242&utm_content=182629825177&utm_term=best%20snap%20in%20veneers&creativeId=772157188296&adgroupid=182629825177&targetid=kwd-645166315425&gclid=EAIaIQobChMIqunewsy7kQMVmnR_AB3v4gKfEAAYAiAFEgLq4_D_BwE&gad_source=1&gad_campaignid=22978901242&gbraid=0AAAAAp_5rVsre-MSIJPfWwyLOVzZBto3U&gclid=EAIaIQobChMIqunewsy7kQMVmnR_AB3v4gKfEAAYAiAFEgLq4_D_BwE"	"New"	""	"0"	""	""	"0.65"	"0.65"	""	"1"	"1"	""	"1"	"1"	""	"permanent veneers"	""	"United States"	""	"700"
"https://consumerlifetips.com/top-snap-on-veneers/?utm_source=google&utm_medium=cpc&utm_id=22978901242&utm_content=182629825177&utm_term=best%20snap%20in%20veneers&creativeId=772157188296&adgroupid=182629825177&targetid=kwd-645166315425&gclid=EAIaIQobChMI0-6JrYr9kAMVMbumAx2M1xgVEAAYAiAEEgL2dfD_BwE&gad_source=1&gad_campaignid=22978901242&gbraid=0AAAAAp_5rVsfIJjuhbtgCfMQ_1kSHwXKY&gclid=EAIaIQobChMI0-6JrYr9kAMVMbumAx2M1xgVEAAYAiAEEgL2dfD_BwE"	"New"	""	"0"	""	""	"0.03"	"0.03"	""	"1"	"1"	""	"1"	"1"	""	"veneers upper teeth only"	""	"United States"	""	"20"
"https://consumerlifetips.com/top-snap-on-veneers/?utm_source=google&utm_medium=cpc&utm_id=22978901242&utm_content=185016943379&utm_term=pop%20veneers&creativeId=772156896954&adgroupid=185016943379&targetid=kwd-1149402486624&gclid=EAIaIQobChMIseKo4vmUkQMVvSRECB0FQjaqEAAYAiAEEgKvevD_BwE&gad_source=1&gad_campaignid=22978901242&gbraid=0AAAAAp_5rVs6NGpPX6ZDQkMELcwhuiN3u&gclid=EAIaIQobChMIseKo4vmUkQMVvSRECB0FQjaqEAAYAiAEEgKvevD_BwE"	"New"	""	"0"	""	""	"0.25"	"0.25"	""	"1"	"1"	""	"1"	"1"	""	"pop up veneers"	""	"United States"	""	"400"
"https://consumerlifetips.com/top-snap-on-veneers/?utm_source=google&utm_medium=cpc&utm_id=22978901242&utm_content=182629825177&utm_term=best%20snap%20in%20veneers&creativeId=772157188296&adgroupid=182629825177&targetid=kwd-645166315425&gclid=EAIaIQobChMI1qDNiP7lkQMVWUZIAB0fwSQJEAAYAiAEEgI2MvD_BwE&gad_source=1&gad_campaignid=22978901242&gbraid=0AAAAAp_5rVsteJV1eRq9AOa47gIEopcTK&gclid=EAIaIQobChMI1qDNiP7lkQMVWUZIAB0fwSQJEAAYAiAEEgI2MvD_BwE"	"New"	""	"0"	""	""	"0.02"	"0.02"	""	"1"	"1"	""	"1"	"1"	""	"dental teeth covers"	""	"United States"	""	"20"
"https://consumerlifetips.com/top-snap-on-veneers/?utm_source=google&utm_medium=cpc&utm_id=22978901242&utm_content=182629825177&utm_term=best%20snap%20in%20veneers&creativeId=772157188296&adgroupid=182629825177&targetid=kwd-645166315425&gclid=EAIaIQobChMIvOKB0tWTkQMVYF9IAB0mcTSsEAAYASAEEgLivvD_BwE&gad_source=1&gad_campaignid=22978901242&gbraid=0AAAAAp_5rVs6NGpPX6ZDQkMELcwhuiN3u&gclid=EAIaIQobChMIvOKB0tWTkQMVYF9IAB0mcTSsEAAYASAEEgLivvD_BwE"	"New"	""	"0"	""	""	"0.00"	""	""	"1"	"1"	""	"1"	"1"	""	"fix crooked teeth with veneers"	""	"United States"	""	"10"
"https://consumerlifetips.com/top-snap-on-veneers/?utm_source=google&utm_medium=cpc&utm_id=22978901242&utm_content=182629825177&utm_term=best%20snap%20in%20veneers&creativeId=772157188296&adgroupid=182629825177&targetid=kwd-645166315425&gclid=EAIaIQobChMIzarrt7bokQMVYtJEBx19IDntEAAYAiACEgI3hfD_BwE&gad_source=1&gad_campaignid=22978901242&gbraid=0AAAAAp_5rVtT48sfH3bl2NJ5a-spn0By9&gclid=EAIaIQobChMIzarrt7bokQMVYtJEBx19IDntEAAYAiACEgI3hfD_BwE"	"New"	""	"0"	""	""	"0.02"	"0.02"	""	"1"	"1"	""	"1"	"1"	""	"best dentures to buy"	""	"United States"	""	"20"
"https://consumerlifetips.com/top-snap-on-veneers/?utm_source=google&utm_medium=cpc&utm_id=22978901242&utm_content=182629825177&utm_term=best%20snap%20in%20veneers&creativeId=772157188296&adgroupid=182629825177&targetid=kwd-645166315425&gclid=EAIaIQobChMIlIbtr7TakQMVJVtHAR1TtwjfEAAYAiAEEgLqYPD_BwE&gad_source=1&gad_campaignid=22978901242&gbraid=0AAAAAp_5rVuob_QoIlC-fGG7MpL49ewd1&gclid=EAIaIQobChMIlIbtr7TakQMVJVtHAR1TtwjfEAAYAiAEEgLqYPD_BwE"	"New"	""	"0"	""	""	"0.01"	"0.01"	""	"1"	"1"	""	"1"	"1"	""	"fake teeth mouth guard"	""	"United States"	""	"20"
"https://consumerlifetips.com/top-snap-on-veneers/?utm_source=google&utm_medium=cpc&utm_id=22978901242&utm_content=182629825177&utm_term=best%20snap%20in%20veneers&creativeId=772157188296&adgroupid=182629825177&targetid=kwd-645166315425&gclid=EAIaIQobChMI5JWbvdaDkQMV0ahmAh2sYQ-bEAAYAiAFEgJZUPD_BwE&gad_source=1&gad_campaignid=22978901242&gbraid=0AAAAAp_5rVu-U9nEUrO1y7n-CO5FYOchK&gclid=EAIaIQobChMI5JWbvdaDkQMV0ahmAh2sYQ-bEAAYAiAFEgJZUPD_BwE"	"New"	""	"0"	""	""	"0.08"	"0.08"	""	"1"	"1"	""	"1"	"1"	""	"best rated snap on veneers"	""	"United States"	""	"40"
"https://consumerlifetips.com/top-snap-on-veneers/?utm_source=google&utm_medium=cpc&utm_id=22978901242&utm_content=182629825177&utm_term=best%20snap%20in%20veneers&creativeId=772157188296&adgroupid=182629825177&targetid=kwd-645166315425&gclid=EAIaIQobChMImOXZvszOkQMVtPyUCR2apR8FEAAYAiAFEgK8x_D_BwE&gad_source=1&gad_campaignid=22978901242&gbraid=0AAAAAp_5rVtgJZY5zye9vlEnG7yMjeqaV&gclid=EAIaIQobChMImOXZvszOkQMVtPyUCR2apR8FEAAYAiAFEgK8x_D_BwE"	"New"	""	"0"	""	""	"0.35"	"0.35"	""	"1"	"1"	""	"1"	"1"	""	"porcelain teeth veneers"	""	"United States"	""	"300"
